INSERT INTO delivery.Professions (profession_salary, profession_start_t, profession_end_t, profession_name)
VALUES 
(15000, '06:00:00', '18:00:00', 'Курьер'),
(16000, '06:00:00', '18:00:00', 'Курьер'),
(17000, '06:00:00', '18:00:00', 'Курьер'),
(15000, '18:00:00', '06:00:00', 'Курьер ночной смены'),
(16000, '18:00:00', '06:00:00', 'Курьер ночной смены'),
(20000, '10:00:00', '20:00:00', 'Водитель-курьер'),
(22000, '10:00:00', '20:00:00', 'Водитель-курьер'),
(20000, '11:00:00', '20:00:00', 'Менеджер по доставке'),
(22000, '12:00:00', '21:00:00', 'Логист по доставке'),
(25000, '13:00:00', '22:00:00', 'Руководитель службы доставки'),
(16000, '14:00:00', '23:00:00', 'Оператор колл-центра по доставке'),
(19000, '15:00:00', '00:00:00', 'Сборщик заказов'),
(21000, '16:00:00', '01:00:00', 'Кладовщик'),
(23000, '17:00:00', '02:00:00', 'Экспедитор'),
(26000, '18:00:00', '03:00:00', 'Директор по логистике');

INSERT INTO delivery.Staff (staff_name, staff_surname, profession_id, staff_phone_number)
VALUES 
('Сергей', 'Иванов', 1, '+79001234567'),  
('Игорь', 'Жуков', 2, '+79009123456'),
('Станислав', 'Андреев', 3, '+79013456789'),
('Иван', 'Петров', 4, '+79002345678'),
('Кирилл', 'Петров', 5, '+79012345678'),
('Александр', 'Левин', 6, '+79023456789'),
('Алексей', 'Сергеев', 7, '+79003456789'),  
('Мария', 'Сидорова', 8, '+79004567890'),  
('Елена', 'Васильева', 9, '+79005678901'),  
('Игорь', 'Соколов', 10, '+79006789012'),  
('Ольга', 'Кузнецова', 11, '+79007890123'),
('Дмитрий', 'Лебедев', 12, '+79008901234'),  
('Даниил', 'Андреев', 13, '+79009012345'),  
('Анна', 'Попова', 14, '+79000123456'),  
('Екатерина', 'Коновалова', 15, '+79000234567');

INSERT INTO delivery.Reviews (client_id, review_text, review_date, review_rating)
VALUES
(1, 'Быстрая доставка, вкусная еда, вежливый курьер.', '2024-04-08', 5),
(2, 'Доставка немного задержалась, но еда была горячей и вкусной.', '2024-04-09', 4),
(3, 'Еда была холодной и не очень вкусной. Доставка была вовремя.', '2024-04-10', 3),
(5, 'Доставка была вовремя, еда была вкусной, но курьер был немного груб.', '2024-04-12', 4),
(6, 'Доставка была вовремя, но еда была не очень вкусной.', '2024-04-13', 3),
(7, 'Лучшая доставка еды в городе! Всегда свежая и вкусная.', '2024-04-14', 5),
(8, 'Потрясающая еда! Цены разумные, а доставка всегда вовремя.', '2024-04-15', 5),
(10, 'Отличное соотношение цены и качества. Еда была вкусной и доставка была быстрой.', '2024-04-17', 5),
(12, 'Еда была в порядке, но доставка была немного медленной.', '2024-04-19', 4),
(13, 'Потрясающий сервис! Еда всегда свежая и вкусная, а доставка быстрая и надежная.', '2024-04-20', 5),
(16, 'Не рекомендую. Еда была посредственной, а цены завышенными.', '2024-04-23', 3),
(17, 'Рекомендую! Еда всегда вкусная и привозят вовремя', '2024-04-24', 5),
(18, 'Очень вкусная еда! Всем советую хоть раз здесь что-то попробовать', '2024-04-25', 5),
(19, 'Еда здесь хорошая, но очень часто задерживаются с доставкой', '2024-04-27', 4),
(20, 'Потрясная служба доставки! Всегда всё привозят быстро и курьеры добрые', '2024-04-28', 5);

INSERT INTO delivery.Clients (client_name, client_surname, client_address, client_phone_number)
VALUES 
('Александр', 'Тавитов', 'Улица Ленина, 12', '+79237355690'),
('Николай', 'Ковалёв', 'Проспект Мира, 25', '+79568310589'),
('Кирилл', 'Гранкин', 'Улица Пушкина, 37', '+79676904350'),
('Полина', 'Удовенко', 'Переулок Красный, 5', '+79437990459'),
('Сергей', 'Белоусов', 'Бульвар Шевченко, 14', '+79899771530'),
('Владимир', 'Касимов', 'Улица Горького, 22', '+79018532170'),
('Алексей', 'Нистюк', 'Проспект Победы, 33', '+79123459933'),
('Мария', 'Захарова', 'Улица Гагарина, 45', '+79215618431'),
('Валерия', 'Волкова', 'Переулок Тихий, 7', '+79795341496'),
('Артём', 'Шурыгин', 'Бульвар Рокоссовского, 16', '+79881441671'),
('Даниил', 'Сергеев', 'Улица Толстого, 24', '+79731210475'),
('Варвара', 'Кузнецова', 'Проспект Маркса, 35', '+79559875793'),
('Тимур', 'Жаренцов', 'Улица Кирова, 47', '+79295932998'),
('Валерия', 'Высоцкая', 'Переулок Светлый, 9', '+79994355079'),
('Дарья', 'Рогожина', 'Бульвар Независимости, 18', '+79667494991'),
('Игорь', 'Колесников', 'Улица Маяковского, 26', '+79888731567'),
('Максим', 'Дубовицкий', 'Проспект Ленина, 37', '+79317944668'),
('Макар', 'Филатов', 'Улица Чехова, 49', '+79891581322'),
('Арина', 'Погребняк', 'Переулок Школьный, 11', '+79001437954'),
('Николай', 'Полончук', 'Бульвар Дружбы, 20', '+79077777337');

INSERT INTO delivery.Restaurants (restaurant_name, restaurant_comment, restaurant_rating)
VALUES
('Вкусно и точка', 'Фаст-фуд', '5'),
('Теремок', 'Русская кухня', '4'),
('Чайхона №1', 'Узбекская кухня', '5'),
('Крошка-картошка', 'Русская кухня', '4'),
('KFC', 'Фаст-фуд', '4'),
('BURGER KING', 'Фаст-фуд', '4'),
('Тануки', 'Японская кухня', '5'),
('Якитория', 'Японская кухня', '5'),
('Додо пицца', 'Пиццерия', '4'),
('Суши Wok', 'Японская кухня', '4'),
('Rostics', 'Фаст-фуд', '4'),
('Му-му', 'Русская кухня', '4'),
('Шоколадница', 'Европейская кухня', '4'),
('IL Патио', 'Итальянская кухня', '5'),
('Subway', 'Фаст-фуд', '4');

INSERT INTO delivery.Dishes (dish_name, dish_description, dish_price, dish_weight)
VALUES
('Плов', 'Традиционное узбекское блюдо из риса, мяса и овощей', 420, 500),
('Тирамису', 'Итальянский десерт с кофе, печеньем савоярди и маскарпоне', 380, 250),
('Окрошка', 'Холодный русский суп с квасом, овощами и мясом', 220, 400),
('Бургер с говядиной', 'Американское блюдо с говяжей котлетой, сыр чедер, помидоры, лук, салат, соус на выбор', 400, 400),
('Пицца Маргарита', 'Итальянская пицца с соусом, моцареллой, томатами и базиликом.', 450, 500),
('Ролл Филадельфия', 'Японский ролл с лососем, авокадо и сливочным сыром.', 550, 450),
('Суши "Калифорния"', 'Японское блюдо из риса, нори, лосося и огурца, обернутых в водоросль.', 480, 300),
('Борщ', 'Традиционное русское блюдо из свеклы, капусты, картофеля и мяса.', 300, 400),
('Солянка', 'Густой русский суп с мясом, колбасой, солеными огурцами и каперсами', 280, 400),
('Пельмени', 'Традиционное русское блюдо из теста и мясной начинки.', 250, 300),
('Чизкейк', 'Классический чизкейк с ягодным соусом', 350, 200),
('Эклеры', 'Французские пирожные с заварным кремом и шоколадной глазурью', 280, 200),
('Бефстроганов', 'Традиционное русское блюдо из говядины с луком и грибами, подается с картофельным пюре.', 400, 400),
('Том Ям', 'Тайский суп с креветками, лимонной травой, галангалом и кокосовым молоком.', 450, 300),
('Паста карбонара', 'Итальянское блюдо из спагетти, яиц, сыра пармезан и гуанчиале.', 350, 300),
('Салат Цезарь', 'Салат из листьев салата ромэн, курицы, сыра пармезан, сухариков и соуса Цезарь', 360, 300),
('Чай', 'Черный, зеленый или травяной чай', 150, 500),
('Кофе', 'Американо, эспрессо, капучино или латте', 200, 300),
('Сок', 'Свежевыжатый апельсиновый, яблочный или морковный сок', 250, 500),
('Стейк из лосося', 'Запеченный стейк из лосося с лимоном и травами', 500, 250),
('Стейк из говядины', 'Американское блюдо из нежного мяса с соусом и запеченной картошкой.', 600, 500),
('Лапша с курицей', 'Азиатское блюдо из лапши, куриного мяса, овощей и соуса терияки.', 350, 400),
('Спагетти Болоньезе', 'Итальянские спагетти с соусом болоньезе из говяжьего фарша и томатов.', 380, 400),
('Рамен с креветками', 'Японское блюдо из яичной лапши, креветок, водорослей и яйца в соевом бульоне.', 450, 450),
('Оливье', 'Традиционный русский салат с вареной картошкой, горошком, морковью, маринованными огурцами, ветчиной и майонезом.', 320, 400),
('Греческий салат', 'Салат с помидорами, огурцами, маслинами, перцами, луком, сыром фета и оливковым маслом.', 380, 350),
('Курица терияки', 'Японское блюдо из курицы, маринованной в соусе терияки и жаренной на гриле, подается с овощами и рисом.', 420, 450),
('Салат Нисуаз', 'Французский салат с кусочками тунца, зелеными фасолью, яйцами, оливками, картофелем, помидорами и зеленью.', 420, 350),
('Макароны по-флотски', 'Традиционное русское блюдо из лапши с мясом, луком и специями.', 320, 350),
('Хачапури', 'Грузинский пирог с сыром и яйцом', 380, 400),
('Фунчоза с курицей', 'Азиатское блюдо из фунчозы, куриного мяса, овощей и соуса.', 380, 400),
('Салат с манго и креветками', 'Азиатский салат с манго, креветками, салатом и орехами, заправленный соусом.', 450, 350),
('Спагетти с мидиями', 'Итальянские спагетти с мидиями, чесноком, петрушкой и оливковым маслом.', 420, 400);

INSERT INTO delivery.Orders (order_datetime_start, order_datetime_end, client_id, staff_id, order_total_cost)
VALUES 
('2024-04-07 23:49:13', '2024-04-08 00:12:41', 1, 4, (SELECT SUM(dish_price) FROM delivery.Dishes WHERE dish_id IN (1, 3))),
('2024-04-09 13:11:08', '2024-04-09 13:54:18', 2, 1, (SELECT SUM(dish_price) FROM delivery.Dishes WHERE dish_id IN (4, 6))),
('2024-04-10 10:33:52', '2024-04-10 11:00:21', 3, 2, (SELECT SUM(dish_price) FROM delivery.Dishes WHERE dish_id IN (7, 8))),
('2024-04-12 08:11:49', '2024-04-12 08:45:23', 5, 3, (SELECT SUM(dish_price) FROM delivery.Dishes WHERE dish_id IN (10, 11))),
('2024-04-13 20:15:21', '2024-04-13 20:58:46', 6, 4, (SELECT SUM(dish_price) FROM delivery.Dishes WHERE dish_id IN (12, 13))),
('2024-04-14 22:48:13', '2024-04-14 23:13:01', 7, 5, (SELECT SUM(dish_price) FROM delivery.Dishes WHERE dish_id IN (14, 15))),
('2024-04-15 11:45:54', '2024-04-15 12:10:17', 8, 6, (SELECT SUM(dish_price) FROM delivery.Dishes WHERE dish_id IN (16, 17))),
('2024-04-17 19:04:56', '2024-04-17 19:30:39', 10, 7, (SELECT SUM(dish_price) FROM delivery.Dishes WHERE dish_id IN (20, 21))),
('2024-04-19 07:14:14', '2024-04-19 07:50:18', 12, 1, (SELECT SUM(dish_price) FROM delivery.Dishes WHERE dish_id IN (24, 25))),
('2024-04-20 14:50:44', '2024-04-20 15:15:15', 13, 2, (SELECT SUM(dish_price) FROM delivery.Dishes WHERE dish_id IN (26, 27))),
('2024-04-23 16:34:27', '2024-04-23 17:01:07', 16, 3, (SELECT SUM(dish_price) FROM delivery.Dishes WHERE dish_id IN (28, 30))),
('2024-04-24 19:06:59', '2024-04-24 19:33:10', 17, 4, (SELECT SUM(dish_price) FROM delivery.Dishes WHERE dish_id IN (4, 5))),
('2024-04-25 21:09:41', '2024-04-25 21:37:09', 18, 5, (SELECT SUM(dish_price) FROM delivery.Dishes WHERE dish_id IN (1, 2))),
('2024-04-27 10:31:36', '2024-04-27 10:56:16', 19, 6, (SELECT SUM(dish_price) FROM delivery.Dishes WHERE dish_id IN (1, 6))),
('2024-04-28 17:15:29', '2024-04-28 17:38:39', 20, 7, (SELECT SUM(dish_price) FROM delivery.Dishes WHERE dish_id IN (3, 7))),
('2024-04-07 23:49:13', '2024-04-08 00:12:41', 1, 4, (SELECT SUM(dish_price) FROM delivery.Dishes WHERE dish_id IN (2, 3))),
('2024-04-09 13:11:08', '2024-04-09 13:54:18', 2, 1, (SELECT SUM(dish_price) FROM delivery.Dishes WHERE dish_id IN (4, 8))),
('2024-04-10 10:33:52', '2024-04-10 11:00:21', 3, 2, (SELECT SUM(dish_price) FROM delivery.Dishes WHERE dish_id IN (5, 9))),
('2024-04-12 08:11:49', '2024-04-12 08:45:23', 5, 3, (SELECT SUM(dish_price) FROM delivery.Dishes WHERE dish_id IN (8, 13))),
('2024-04-13 20:15:21', '2024-04-13 20:58:46', 6, 4, (SELECT SUM(dish_price) FROM delivery.Dishes WHERE dish_id IN (11, 13))),
('2024-04-14 22:48:13', '2024-04-14 23:13:01', 7, 5, (SELECT SUM(dish_price) FROM delivery.Dishes WHERE dish_id IN (11, 15))),
('2024-04-15 11:45:54', '2024-04-15 12:10:17', 8, 6, (SELECT SUM(dish_price) FROM delivery.Dishes WHERE dish_id IN (16, 18))),
('2024-04-17 19:04:56', '2024-04-17 19:30:39', 10, 7, (SELECT SUM(dish_price) FROM delivery.Dishes WHERE dish_id IN (19, 22))),
('2024-04-19 07:14:14', '2024-04-19 07:50:18', 12, 1, (SELECT SUM(dish_price) FROM delivery.Dishes WHERE dish_id IN (23, 26))),
('2024-04-20 14:50:44', '2024-04-20 15:15:15', 13, 2, (SELECT SUM(dish_price) FROM delivery.Dishes WHERE dish_id IN (24, 27))),
('2024-04-23 16:34:27', '2024-04-23 17:01:07', 16, 3, (SELECT SUM(dish_price) FROM delivery.Dishes WHERE dish_id IN (3, 8))),
('2024-04-24 19:06:59', '2024-04-24 19:33:10', 17, 4, (SELECT SUM(dish_price) FROM delivery.Dishes WHERE dish_id IN (6, 10))),
('2024-04-25 21:09:41', '2024-04-25 21:37:09', 18, 5, (SELECT SUM(dish_price) FROM delivery.Dishes WHERE dish_id IN (20, 24))),
('2024-04-27 10:31:36', '2024-04-27 10:56:16', 19, 6, (SELECT SUM(dish_price) FROM delivery.Dishes WHERE dish_id IN (10, 17))),
('2024-04-28 17:15:29', '2024-04-28 17:38:39', 20, 7, (SELECT SUM(dish_price) FROM delivery.Dishes WHERE dish_id IN (25, 30)));

INSERT INTO delivery.Cities (order_id, city_name, city_time_zone)
VALUES
(1, 'Москва', 'GMT+3'),
(2, 'Москва', 'GMT+3'),
(3, 'Москва', 'GMT+3'),
(4, 'Москва', 'GMT+3'),
(5, 'Москва', 'GMT+3'),
(6, 'Санкт-Петербург', 'GMT+3'),
(7, 'Санкт-Петербург', 'GMT+3'),
(8, 'Санкт-Петербург', 'GMT+3'),
(9, 'Санкт-Петербург', 'GMT+3'),
(10, 'Санкт-Петербург', 'GMT+3'),
(11, 'Нижний Новгород', 'GMT+3'),
(12, 'Екатеринбург', 'GMT+5'),
(13, 'Екатеринбург', 'GMT+5'),
(14, 'Магнитогорск', 'GMT+5'),
(15, 'Воронеж', 'GMT+3'),
(16, 'Москва', 'GMT+3'),
(17, 'Москва', 'GMT+3'),
(18, 'Москва', 'GMT+3'),
(19, 'Москва', 'GMT+3'),
(20, 'Москва', 'GMT+3'),
(21, 'Санкт-Петербург', 'GMT+3'),
(22, 'Санкт-Петербург', 'GMT+3'),
(23, 'Санкт-Петербург', 'GMT+3'),
(24, 'Санкт-Петербург', 'GMT+3'),
(25, 'Санкт-Петербург', 'GMT+3'),
(26, 'Нижний Новгород', 'GMT+3'),
(27, 'Екатеринбург', 'GMT+5'),
(28, 'Екатеринбург', 'GMT+5'),
(29, 'Магнитогорск', 'GMT+5'),
(30, 'Воронеж', 'GMT+3');

INSERT INTO delivery.Promotions (promotion_datetime_start, promotion_datetime_end, promotion_name, promotion_description, client_id)
VALUES
('2024-01-01 00:00:00', '2024-12-31 23:59:59', 'HELLO', 'Единоразовая акция', 1),
('2024-01-01 00:00:00', '2024-12-31 23:59:59', 'HELLO', 'Единоразовая акция', 2),
('2024-01-01 00:00:00', '2024-12-31 23:59:59', 'HELLO', 'Единоразовая акция', 3),
('2024-01-01 00:00:00', '2024-12-31 23:59:59', 'HELLO', 'Единоразовая акция', 4),
('2024-01-01 00:00:00', '2024-12-31 23:59:59', 'HELLO', 'Единоразовая акция', 5),
('2024-01-01 00:00:00', '2024-12-31 23:59:59', 'HELLO', 'Единоразовая акция', 6),
('2024-01-01 00:00:00', '2024-12-31 23:59:59', 'HELLO', 'Единоразовая акция', 7),
('2024-01-01 00:00:00', '2024-12-31 23:59:59', 'HELLO', 'Единоразовая акция', 8),
('2024-01-01 00:00:00', '2024-12-31 23:59:59', 'HELLO', 'Единоразовая акция', 9),
('2024-01-01 00:00:00', '2024-12-31 23:59:59', 'HELLO', 'Единоразовая акция', 10),
('2024-01-01 00:00:00', '2024-12-31 23:59:59', 'HELLO', 'Единоразовая акция', 11),
('2024-01-01 00:00:00', '2024-12-31 23:59:59', 'HELLO', 'Единоразовая акция', 12),
('2024-01-01 00:00:00', '2024-12-31 23:59:59', 'HELLO', 'Единоразовая акция', 13),
('2024-01-01 00:00:00', '2024-12-31 23:59:59', 'HELLO', 'Единоразовая акция', 14),
('2024-01-01 00:00:00', '2024-12-31 23:59:59', 'HELLO', 'Единоразовая акция', 15),
('2024-01-01 00:00:00', '2024-12-31 23:59:59', 'HELLO', 'Единоразовая акция', 16),
('2024-01-01 00:00:00', '2024-12-31 23:59:59', 'HELLO', 'Единоразовая акция', 17),
('2024-01-01 00:00:00', '2024-12-31 23:59:59', 'HELLO', 'Единоразовая акция', 18),
('2024-01-01 00:00:00', '2024-12-31 23:59:59', 'HELLO', 'Единоразовая акция', 19),
('2024-01-01 00:00:00', '2024-12-31 23:59:59', 'HELLO', 'Единоразовая акция', 20),
('2024-06-07 00:00:00', '2024-12-31 23:59:59', 'ЕДА20', 'Скидка 20% на первый заказ от 1000 рублей', 1),
('2024-05-09 00:00:00', '2024-12-31 23:59:59', 'ПИЦЦА50', 'Скидка 50% на пиццу при заказе от двух штук', 3),
('2024-04-07 00:00:00', '2024-12-31 23:59:59', 'СУШИ30', 'Скидка 30% на суши при заказе от 1500 рублей', 5),
('2024-07-19 00:00:00', '2024-12-31 23:59:59', 'БАРБЕКЮ40', 'Скидка 40% на блюда барбекю при заказе от 2000 рублей', 8),
('2024-05-12 00:00:00', '2024-12-31 23:59:59', 'ПАСТА25', 'Скидка 25% на пасту при заказе от 1200 рублей', 10),
('2024-08-20 00:00:00', '2024-12-31 23:59:59', 'ВОК15', 'Скидка 15% на блюда вок при заказе от 800 рублей', 6),
('2024-03-02 00:00:00', '2024-12-31 23:59:59', 'САЛАТ10', 'Скидка 10% на салаты при заказе от 600 рублей', 7),
('2024-04-10 00:00:00', '2024-12-31 23:59:59', 'НАПИТКИ5', 'Скидка 5% на напитки при любом заказе', 16),
('2024-01-05 00:00:00', '2024-12-31 23:59:59', 'БЕСПЛАТНАЯДОСТАВКА', 'Бесплатная доставка при заказе от 1500 рублей', 20),
('2024-02-22 00:00:00', '2024-12-31 23:59:59', 'ПОДАРОК', 'Бесплатный десерт при заказе от 2000 рублей', 18);

INSERT INTO delivery.Order_History (client_id, order_id)
VALUES
(1, 1),
(2, 2),
(3, 3),
(5, 4),
(6, 5),
(7, 6),
(8, 7),
(10, 8),
(12, 9),
(13, 10),
(16, 11),
(17, 12),
(18, 13),
(19, 14),
(20, 15),
(1, 16),
(2, 17),
(3, 18),
(5, 19),
(6, 20),
(7, 21),
(8, 22),
(10, 23),
(12, 24),
(13, 25),
(16, 26),
(17, 27),
(18, 28),
(19, 29),
(20, 30);

INSERT INTO delivery.Orders_and_Dishes (order_id, dish_id)
VALUES
(1, 1),
(1, 3),
(2, 4),
(2, 6),
(3, 7),
(3, 8),
(4, 10),
(4, 11),
(5, 12),
(5, 13),
(6, 14),
(6, 15),
(7, 16),
(7, 17),
(8, 20),
(8, 21),
(9, 24),
(9, 25),
(10, 26),
(10, 27),
(11, 28),
(11, 30),
(12, 4),
(12, 5),
(13, 1),
(13, 2),
(14, 1),
(14, 6),
(15, 3),
(15, 7),
(16, 2),
(16, 3),
(17, 4),
(17, 8),
(18, 5),
(18, 7),
(19, 8),
(19, 13),
(20, 11),
(20, 13),
(21, 11),
(21, 15),
(22, 16),
(22, 18),
(23, 19),
(23, 22),
(24, 23),
(24, 26),
(25, 24),
(25, 27),
(26, 3),
(26, 8),
(27, 6),
(27, 10),
(28, 20),
(28, 24),
(29, 10),
(29, 17),
(30, 25),
(30, 30);

INSERT INTO delivery.Dishes_and_Restaurants (dish_id, restaurant_id)
VALUES
(1, 3),
(2, 13),
(2, 14),
(3, 2),
(3, 12),
(4, 1),
(4, 5),
(4, 6),
(4, 11),
(4, 15),
(5, 9),
(5, 14),
(6, 7),
(6, 8),
(7, 7),
(7, 8),
(8, 2),
(8, 12),
(9, 3),
(9, 12),
(10, 2),
(10, 3),
(10, 12),
(11, 3),
(11, 12),
(11, 13),
(11, 14),
(12, 3),
(12, 12),
(12, 13),
(12, 14),
(13, 3),
(13, 12),
(13, 14),
(14, 8),
(14, 10),
(14, 7),
(15, 14),
(15, 13),
(16, 1),
(16, 3),
(16, 14),
(16, 13),
(16, 12),
(17, 2),
(17, 3),
(17, 4),
(17, 7),
(17, 8),
(17, 12),
(17, 13),
(17, 14),
(18, 1),
(18, 5),
(18, 6),
(18, 11),
(18, 12),
(18, 13),
(18, 14),
(18, 15),
(19, 1),
(19, 3),
(20, 3),
(20, 14),
(21, 3),
(21, 14),
(22, 3),
(22, 7),
(22, 8),
(22, 10),
(22, 13),
(22, 14),
(23, 13),
(23, 14),
(24, 7),
(24, 8),
(24, 10),
(25, 2),
(25, 3),
(25, 12),
(25, 13),
(26, 1),
(26, 3),
(26, 12),
(26, 13),
(26, 14),
(27, 5),
(27, 10),
(27, 11),
(28, 14),
(29, 12),
(29, 14),
(30, 3),
(31, 7),
(31, 8),
(31, 10),
(31, 14),
(32, 13),
(33, 14);
